순위,유튜브 채널,,주요 분야,추천 이유
1,The Robot Report,https://www.youtube.com/@TheRobotReport,로봇 산업 뉴스·투자·기업 인터뷰,산업 뉴스와 비즈니스 분석에 가장 적합
2,IEEE Spectrum,https://www.youtube.com/@IEEESpectrum,로봇 기술·연구·미래 산업,기술 검증과 전문 해설이 강점
3,Robotics 24/7,https://www.youtube.com/@Robotics247,물류·창고 자동화·AMR,물류 로봇과 자동화 시장에 특화
4,Robotics & Automation News,https://www.youtube.com/@RoboticsandAutomationNews,산업 자동화·제조·물류,글로벌 제품 출시와 기업 동향을 빠르게 전달
5,Yaskawa Motoman,https://www.youtube.com/@YaskawaMotoman,산업용 로봇암·용접·자동화,실제 생산라인 적용 사례와 제품 시연이 풍부
6,ABB Robotics,https://www.youtube.com/@ABBrobotics,산업용 로봇·협동로봇·AMR,로봇 시스템과 자동화 솔루션 사례 확인
7,FANUC America,https://www.youtube.com/@FANUCAmerica,로봇암·컨트롤러·스마트 제조,산업용 로봇의 실제 운용과 기술 시연에 강함
8,Boston Dynamics,https://www.youtube.com/@BostonDynamics,휴머노이드·4족 로봇·물류 로봇,로봇 기술의 대중적 영향력이 매우 큼
9,Agility Robotics,https://www.youtube.com/@AgilityRobotics,휴머노이드·물류·공장 자동화,휴머노이드의 산업 현장 도입 동향 파악
10,RoboBusiness,https://www.youtube.com/@RoboBusiness,로봇 스타트업·투자·시장 전략,기업가·투자자·로봇산업 리더의 인터뷰에 강점